<?xml version="1.0" encoding="UTF-8"?>
<CuicReport id="1">
  <id>CF347DE1100001630000004153EFC931</id>
  <version>14</version>
  <permission>GROUP_NONE_OTHER_NONE</permission>
  <partition>Default</partition>
  <name>PQ Membership</name>
  
  
  <CuicReportDefinition id="1" resolves-to="CuicReportDefinition">
  <id>CE7C5EB8100001630000002D53EFC931</id>
  <version>13</version>
  <permission>GROUP_READ_EXEC_WRITE_OTHER_READ_EXEC</permission>
  <partition>Default</partition>
  <name>PQ Membership</name>
  <description/>
  <dataSourceId>CCCCCCCC00000000AAAAAAAA00000002</dataSourceId>
  <type>ANBLCK</type>
  <statementText>-- PQ Membership Query v4

SET NOCOUNT ON;
SET ANSI_WARNINGS ON;

DECLARE	@query AS NVARCHAR(MAX),
		@attribute_list  AS NVARCHAR(MAX),
		@atts_join AS NVARCHAR(MAX)


-- Construct a join statement string with Precision Queue step expressions in order to
-- join a list of PQ steps to a list of agents with associated attributes
SELECT @atts_join = (
	SELECT DISTINCT ' OR ( pqs.PrecisionQueueStepID = ' +  CAST(pqs2.PrecisionQueueStepID AS VARCHAR) + ' AND ' +
        (
            SELECT 

				CASE WHEN Precision_Queue_Term.TermRelation = 1 THEN ' AND '
						WHEN Precision_Queue_Term.TermRelation = 2 THEN ' OR '
						ELSE ''
				END +
				
				CASE WHEN Precision_Queue_Term.ParenCount = 1 THEN '('
						ELSE ''
				END +

				'atts.' + QUOTENAME(Attribute.EnterpriseName) + ' ' +

				CASE  
					When Precision_Queue_Term.AttributeRelation = 0 Then 'Unknown'
					When Precision_Queue_Term.AttributeRelation = 1 Then '='
					When Precision_Queue_Term.AttributeRelation = 2 Then '!='
					When Precision_Queue_Term.AttributeRelation = 3 Then '&lt;'
					When Precision_Queue_Term.AttributeRelation = 4 Then '&lt;='
					When Precision_Queue_Term.AttributeRelation = 5 Then '&gt;'
					When Precision_Queue_Term.AttributeRelation = 6 Then '&gt;='
					When Precision_Queue_Term.AttributeRelation = 7 Then 'between'
					When Precision_Queue_Term.AttributeRelation = 8 Then 'member'
					When Precision_Queue_Term.AttributeRelation = 9 Then 'agent has attribute'
					When Precision_Queue_Term.AttributeRelation = 10 Then 'agent does not have attribute'
					When Precision_Queue_Term.AttributeRelation = 11 Then 'not member'
					END +
						
				CASE
					WHEN ISNUMERIC(Precision_Queue_Term.Value1) = 1 THEN Precision_Queue_Term.Value1
					ELSE ' ''' + Precision_Queue_Term.Value1 + ''' '
				END +

				CASE 
					WHEN Precision_Queue_Term.ParenCount = -1 THEN ')'
					ELSE ''
				END 
			AS [text()]

            FROM Precision_Queue, Precision_Queue_Step, Precision_Queue_Term, Attribute 
			WHERE 
				    Precision_Queue.PrecisionQueueID = Precision_Queue_Step.PrecisionQueueID and
					Precision_Queue_Step.PrecisionQueueStepID = Precision_Queue_Term.PrecisionQueueStepID and
					Precision_Queue_Step.PrecisionQueueStepID = pqs2.PrecisionQueueStepID and
					Attribute.AttributeID = Precision_Queue_Term.AttributeID

					-- CUIC param to filter by PQS, 1 of 2
					AND Precision_Queue.PrecisionQueueID IN (:pqs)
      
			ORDER BY Precision_Queue.PrecisionQueueID,
						Precision_Queue_Step.PrecisionQueueStepID,
						Precision_Queue_Step.StepOrder,
						Precision_Queue_Term.TermOrder

		FOR XML PATH(''),TYPE).value('.','NVARCHAR(MAX)')
		+ ' )' AS [text()]

	FROM Precision_Queue , Precision_Queue_Step pqs2,Precision_Queue_Term,Attribute 
	WHERE 
		Precision_Queue.PrecisionQueueID = pqs2.PrecisionQueueID and
		pqs2.PrecisionQueueID = Precision_Queue_Term.PrecisionQueueID  and
		pqs2.PrecisionQueueStepID = Precision_Queue_Term.PrecisionQueueStepID and
		Attribute.AttributeID = Precision_Queue_Term.AttributeID
	  
	FOR XML PATH (''),TYPE).value('.','NVARCHAR(MAX)');


-- Build comma-delimited string list of attributes to
-- use when building a pivot table with agent attributes
SELECT @attribute_list = STUFF((
			SELECT ',' + QUOTENAME(att.EnterpriseName) 
			FROM Attribute att					
			GROUP BY att.EnterpriseName
			ORDER BY att.EnterpriseName
			FOR XML PATH(''), TYPE).value('.', 'NVARCHAR(MAX)') 
		,1,1,'');

-- Construct the final query
set @query = N'INSERT INTO #temp_pq_table SELECT AgentName, AgentSkillTargetID, pq.PrecisionQueueID, pq.EnterpriseName QueueName ' 
			 + N', MIN(pqs.StepOrder) FirstStep ' +
			 N' FROM 
             (
                SELECT a.EnterpriseName AgentName, a.SkillTargetID AgentSkillTargetID, aatt.AttributeValue, att.EnterpriseName AttributeName
						FROM Agent a
						 INNER JOIN Agent_Attribute aatt
							ON a.SkillTargetID = aatt.SkillTargetID
						 INNER JOIN Attribute att
							ON att.AttributeID = aatt.AttributeID
						
            ) x
            pivot 
            (
                max(AttributeValue)
                for AttributeName in (' + @attribute_list + N')
            ) atts  INNER JOIN  Precision_Queue_Step pqs ON 1=0 ' + @atts_join + 
				N' INNER JOIN Precision_Queue pq ON pqs.PrecisionQueueID = pq.PrecisionQueueID 
				GROUP BY AgentName, AgentSkillTargetID, pq.PrecisionQueueID, pq.EnterpriseName ';


--select @query

IF OBJECT_ID('tempdb.dbo.#temp_pq_table', 'U') IS NOT NULL
  DROP TABLE #temp_pq_table;
CREATE TABLE #temp_pq_table(AgentName nvarchar(300), AgentSkillTargetID int, PrecisionQueueID int, QueueName nvarchar(300), FirstStep int );

-- Run the main query, which dumps the results in the temp table
exec sp_executesql @query



-- Query the results from the temp table and do our final joins
SELECT pqm.*, 
		CASE(art.AgentState) 
			WHEN 1 THEN 'Logged On'
			WHEN 2 THEN 'Not Ready'
			WHEN 3 THEN 'Ready'
			WHEN 4 THEN 'Talking'
			WHEN 5 THEN 'Work Not Ready'
			WHEN 6 THEN 'Work Ready'
			WHEN 7 THEN 'Busy Other'
			WHEN 8 THEN 'Reserved'
			ELSE 'Logged Out' 
		END AgentState,
		art.ReasonCode,
		art.AgentState AgentStateCode,
		'Step ' + CAST(FirstStep AS VARCHAR) FirstStepLabel,
		pqs.PrecisionQueueStepID,
		rules.PQ_Rules PrecisionQueueRules

FROM #temp_pq_table pqm
	INNER JOIN Precision_Queue pq ON pq.PrecisionQueueID = pqm.PrecisionQueueID
	INNER JOIN Precision_Queue_Step pqs
		ON pqs.PrecisionQueueID = pq.PrecisionQueueID
		AND pqm.FirstStep = pqs.StepOrder

	INNER JOIN Agent a ON pqm.AgentSkillTargetID = a.SkillTargetID
	LEFT JOIN Agent_Real_Time art on a.SkillTargetID = art.SkillTargetID

	-- join in the rule string for this precision queue step
	INNER JOIN (
		SELECT DISTINCT Precision_Queue.PrecisionQueueID, pqs2.PrecisionQueueStepID, pqs2.StepOrder Step,
		'' + (SELECT
					CASE WHEN Precision_Queue_Term.TermRelation = 1 THEN ' AND '
							WHEN Precision_Queue_Term.TermRelation = 2 THEN ' OR '
							ELSE '' END +
				
					CASE WHEN Precision_Queue_Term.ParenCount = 1 THEN '[ '
							ELSE '' END +
				
					'(' + Attribute.EnterpriseName + ' ' +
					
					CASE  
						When Precision_Queue_Term.AttributeRelation = 0 Then 'Unknown'
						When Precision_Queue_Term.AttributeRelation = 1 Then '=='
						When Precision_Queue_Term.AttributeRelation = 2 Then '!='
						When Precision_Queue_Term.AttributeRelation = 3 Then '&lt;'
						When Precision_Queue_Term.AttributeRelation = 4 Then '&lt;='
						When Precision_Queue_Term.AttributeRelation = 5 Then '&gt;'
						When Precision_Queue_Term.AttributeRelation = 6 Then '&gt;='
						When Precision_Queue_Term.AttributeRelation = 7 Then 'between'
						When Precision_Queue_Term.AttributeRelation = 8 Then 'member'
						When Precision_Queue_Term.AttributeRelation = 9 Then 'agent has attribute'
						When Precision_Queue_Term.AttributeRelation = 10 Then 'agent does not have attribute'
						When Precision_Queue_Term.AttributeRelation = 11 Then 'not member'
						END + 
					
					' ' + Precision_Queue_Term.Value1 + ')' +
					
					CASE 
						WHEN Precision_Queue_Term.ParenCount = -1 THEN ' ]'
						ELSE '' END
				
				AS [text()]

				FROM Precision_Queue, Precision_Queue_Step,Precision_Queue_Term,Attribute 
				WHERE 
						Precision_Queue.PrecisionQueueID = Precision_Queue_Step.PrecisionQueueID and
						Precision_Queue_Step.PrecisionQueueID = Precision_Queue_Term.PrecisionQueueID  and
						Precision_Queue_Step.PrecisionQueueStepID = Precision_Queue_Term.PrecisionQueueStepID and
						Precision_Queue_Step.PrecisionQueueStepID = pqs2.PrecisionQueueStepID and
						Attribute.AttributeID = Precision_Queue_Term.AttributeID
      
				ORDER BY Precision_Queue.PrecisionQueueID,
							Precision_Queue_Step.PrecisionQueueStepID,
							Precision_Queue_Step.StepOrder,
							Precision_Queue_Term.TermOrder

				FOR XML PATH(''),TYPE).value('.','NVARCHAR(MAX)')
			AS [PQ_Rules]

		FROM Precision_Queue , Precision_Queue_Step pqs2,Precision_Queue_Term,Attribute 
		WHERE 
		  Precision_Queue.PrecisionQueueID = pqs2.PrecisionQueueID and
		  pqs2.PrecisionQueueID = Precision_Queue_Term.PrecisionQueueID  and
		  pqs2.PrecisionQueueStepID = Precision_Queue_Term.PrecisionQueueStepID and
		  Attribute.AttributeID = Precision_Queue_Term.AttributeID

	) rules ON rules.PrecisionQueueStepID = pqs.PrecisionQueueStepID
	-- end join on precision queue rules string

	-- CUIC param to filter by PQS, 2 of 2
	WHERE pqm.PrecisionQueueID in (:pqs)

DROP TABLE #temp_pq_table</statementText>
  <historical>true</historical>
  <refreshRate>900</refreshRate>
  <cisco>false</cisco>
  <fields id="3">
    <CuicReportDefinitionField id="4">
      <id>D21E2D85100001630000006453EFC931</id>
      <version>7</version>
      <clause>ReasonCode</clause>
      <columnIndex>6</columnIndex>
      <dataType>DECIMAL</dataType>
      <name>ReasonCode</name>
      <displayName>ReasonCode</displayName>
      <description/>
      <filterField>false</filterField>
      <visible>true</visible>
      <availableInFilter>true</availableInFilter>
      <available>true</available>
      <valueListId>                                </valueListId>
      <calculatedField>false</calculatedField>
      <exportHHMMSS>false</exportHHMMSS>
      <formula/>
      <format/>
      <footerStyle>NONE</footerStyle>
      <defaultCustomFormula/>
      <group1CustomFormula/>
      <group2CustomFormula/>
      <group3CustomFormula/>
      <customStringFormat/>
      <drilldowns id="5"/>
      <parent class="com.cisco.ccbu.cuic.objectmodel.reportdefinition.CuicReportDefinitionImpl_$$_javassist_59" reference="1"/>
    </CuicReportDefinitionField>
    <CuicReportDefinitionField id="6">
      <id>D21E2D85100001630000006053EFC931</id>
      <version>7</version>
      <clause>AgentStateCode</clause>
      <columnIndex>7</columnIndex>
      <dataType>DECIMAL</dataType>
      <name>AgentStateCode</name>
      <displayName>AgentStateCode</displayName>
      <description/>
      <filterField>false</filterField>
      <visible>true</visible>
      <availableInFilter>true</availableInFilter>
      <available>true</available>
      <valueListId>                                </valueListId>
      <calculatedField>false</calculatedField>
      <exportHHMMSS>false</exportHHMMSS>
      <formula/>
      <format/>
      <footerStyle>NONE</footerStyle>
      <defaultCustomFormula/>
      <group1CustomFormula/>
      <group2CustomFormula/>
      <group3CustomFormula/>
      <customStringFormat/>
      <drilldowns id="7"/>
      <parent class="com.cisco.ccbu.cuic.objectmodel.reportdefinition.CuicReportDefinitionImpl_$$_javassist_59" reference="1"/>
    </CuicReportDefinitionField>
    <CuicReportDefinitionField id="8">
      <id>D21E2D85100001630000006353EFC931</id>
      <version>7</version>
      <clause>PrecisionQueueStepID</clause>
      <columnIndex>9</columnIndex>
      <dataType>DECIMAL</dataType>
      <name>PrecisionQueueStepID</name>
      <displayName>PrecisionQueueStepID</displayName>
      <description/>
      <filterField>false</filterField>
      <visible>true</visible>
      <availableInFilter>true</availableInFilter>
      <available>true</available>
      <valueListId>                                </valueListId>
      <calculatedField>false</calculatedField>
      <exportHHMMSS>false</exportHHMMSS>
      <formula/>
      <format/>
      <footerStyle>NONE</footerStyle>
      <defaultCustomFormula/>
      <group1CustomFormula/>
      <group2CustomFormula/>
      <group3CustomFormula/>
      <customStringFormat/>
      <drilldowns id="9"/>
      <parent class="com.cisco.ccbu.cuic.objectmodel.reportdefinition.CuicReportDefinitionImpl_$$_javassist_59" reference="1"/>
    </CuicReportDefinitionField>
    <CuicReportDefinitionField id="10">
      <id>CF2DD8F7100001630000003753EFC931</id>
      <version>11</version>
      <clause>AgentName</clause>
      <columnIndex>0</columnIndex>
      <dataType>STRING</dataType>
      <name>AgentName</name>
      <displayName>AgentName</displayName>
      <description/>
      <filterField>false</filterField>
      <visible>true</visible>
      <availableInFilter>true</availableInFilter>
      <available>true</available>
      <valueListId>                                </valueListId>
      <calculatedField>false</calculatedField>
      <exportHHMMSS>false</exportHHMMSS>
      <formula/>
      <format/>
      <footerStyle>NONE</footerStyle>
      <defaultCustomFormula/>
      <group1CustomFormula/>
      <group2CustomFormula/>
      <group3CustomFormula/>
      <customStringFormat/>
      <drilldowns id="11"/>
      <parent class="com.cisco.ccbu.cuic.objectmodel.reportdefinition.CuicReportDefinitionImpl_$$_javassist_59" reference="1"/>
    </CuicReportDefinitionField>
    <CuicReportDefinitionField id="12">
      <id>D21E2D85100001630000006553EFC931</id>
      <version>7</version>
      <clause>AgentState</clause>
      <columnIndex>5</columnIndex>
      <dataType>STRING</dataType>
      <name>AgentState</name>
      <displayName>AgentState</displayName>
      <description/>
      <filterField>false</filterField>
      <visible>true</visible>
      <availableInFilter>true</availableInFilter>
      <available>true</available>
      <valueListId>                                </valueListId>
      <calculatedField>false</calculatedField>
      <exportHHMMSS>false</exportHHMMSS>
      <formula/>
      <format/>
      <footerStyle>NONE</footerStyle>
      <defaultCustomFormula/>
      <group1CustomFormula/>
      <group2CustomFormula/>
      <group3CustomFormula/>
      <customStringFormat/>
      <drilldowns id="13"/>
      <parent class="com.cisco.ccbu.cuic.objectmodel.reportdefinition.CuicReportDefinitionImpl_$$_javassist_59" reference="1"/>
    </CuicReportDefinitionField>
    <CuicReportDefinitionField id="14">
      <id>D21E2D85100001630000006253EFC931</id>
      <version>7</version>
      <clause>AgentSkillTargetID</clause>
      <columnIndex>1</columnIndex>
      <dataType>DECIMAL</dataType>
      <name>AgentSkillTargetID</name>
      <displayName>AgentSkillTargetID</displayName>
      <description/>
      <filterField>false</filterField>
      <visible>true</visible>
      <availableInFilter>true</availableInFilter>
      <available>true</available>
      <valueListId>                                </valueListId>
      <calculatedField>false</calculatedField>
      <exportHHMMSS>false</exportHHMMSS>
      <formula/>
      <format/>
      <footerStyle>NONE</footerStyle>
      <defaultCustomFormula/>
      <group1CustomFormula/>
      <group2CustomFormula/>
      <group3CustomFormula/>
      <customStringFormat/>
      <drilldowns id="15"/>
      <parent class="com.cisco.ccbu.cuic.objectmodel.reportdefinition.CuicReportDefinitionImpl_$$_javassist_59" reference="1"/>
    </CuicReportDefinitionField>
    <CuicReportDefinitionField id="16">
      <id>D21E2D85100001630000005F53EFC931</id>
      <version>7</version>
      <clause>FirstStepLabel</clause>
      <columnIndex>8</columnIndex>
      <dataType>STRING</dataType>
      <name>FirstStepLabel</name>
      <displayName>FirstStepLabel</displayName>
      <description/>
      <filterField>false</filterField>
      <visible>true</visible>
      <availableInFilter>true</availableInFilter>
      <available>true</available>
      <valueListId>                                </valueListId>
      <calculatedField>false</calculatedField>
      <exportHHMMSS>false</exportHHMMSS>
      <formula/>
      <format/>
      <footerStyle>NONE</footerStyle>
      <defaultCustomFormula/>
      <group1CustomFormula/>
      <group2CustomFormula/>
      <group3CustomFormula/>
      <customStringFormat/>
      <drilldowns id="17"/>
      <parent class="com.cisco.ccbu.cuic.objectmodel.reportdefinition.CuicReportDefinitionImpl_$$_javassist_59" reference="1"/>
    </CuicReportDefinitionField>
    <CuicReportDefinitionField id="18">
      <id>CF2DD8F8100001630000003853EFC931</id>
      <version>11</version>
      <clause>QueueName</clause>
      <columnIndex>3</columnIndex>
      <dataType>STRING</dataType>
      <name>QueueName</name>
      <displayName>QueueName</displayName>
      <description/>
      <filterField>false</filterField>
      <visible>true</visible>
      <availableInFilter>true</availableInFilter>
      <available>true</available>
      <valueListId>                                </valueListId>
      <calculatedField>false</calculatedField>
      <exportHHMMSS>false</exportHHMMSS>
      <formula/>
      <format/>
      <footerStyle>NONE</footerStyle>
      <defaultCustomFormula/>
      <group1CustomFormula/>
      <group2CustomFormula/>
      <group3CustomFormula/>
      <customStringFormat/>
      <drilldowns id="19"/>
      <parent class="com.cisco.ccbu.cuic.objectmodel.reportdefinition.CuicReportDefinitionImpl_$$_javassist_59" reference="1"/>
    </CuicReportDefinitionField>
    <CuicReportDefinitionField id="20">
      <id>D21E2D85100001630000006153EFC931</id>
      <version>7</version>
      <clause>PrecisionQueueRules</clause>
      <columnIndex>10</columnIndex>
      <dataType>STRING</dataType>
      <name>PrecisionQueueRules</name>
      <displayName>PrecisionQueueRules</displayName>
      <description/>
      <filterField>false</filterField>
      <visible>true</visible>
      <availableInFilter>true</availableInFilter>
      <available>true</available>
      <valueListId>                                </valueListId>
      <calculatedField>false</calculatedField>
      <exportHHMMSS>false</exportHHMMSS>
      <formula/>
      <format/>
      <footerStyle>NONE</footerStyle>
      <defaultCustomFormula/>
      <group1CustomFormula/>
      <group2CustomFormula/>
      <group3CustomFormula/>
      <customStringFormat/>
      <drilldowns id="21"/>
      <parent class="com.cisco.ccbu.cuic.objectmodel.reportdefinition.CuicReportDefinitionImpl_$$_javassist_59" reference="1"/>
    </CuicReportDefinitionField>
    <CuicReportDefinitionField id="22">
      <id>CF33E085100001630000003C53EFC931</id>
      <version>10</version>
      <clause>PrecisionQueueID</clause>
      <columnIndex>2</columnIndex>
      <dataType>DECIMAL</dataType>
      <name>PrecisionQueueID</name>
      <displayName>PrecisionQueueID</displayName>
      <description/>
      <filterField>false</filterField>
      <visible>true</visible>
      <availableInFilter>true</availableInFilter>
      <available>true</available>
      <CuicValueList id="1">
  <id>68EFB9651000012F38615EBB3F57E6DF</id>
  <version>10</version>
  
  <permission>GROUP_READ_EXEC_OTHER_READ_EXEC</permission>
  <partition>Default</partition>
  <valueListQuery>SELECT Precision_Queue.PrecisionQueueID AS ID, Precision_Queue.EnterpriseName AS VALUE &#13;
FROM Precision_Queue  (nolock) ORDER BY Precision_Queue.EnterpriseName ASC&#13;
</valueListQuery>
  <collectionQuery>SELECT DISTINCT Precision_Queue.PrecisionQueueID AS ID, Precision_Queue.EnterpriseName AS VALUE &#13;
FROM Precision_Queue  (nolock) ORDER BY&#13;
Precision_Queue.EnterpriseName ASC&#13;
</collectionQuery>
  <description>Description</description>
  <name>Precision Queues</name>
  <dataSourceId>CCCCCCCC00000000AAAAAAAA00000003</dataSourceId>
  <type>STOCK</type>
  
  
  <entityVersion>9.12</entityVersion>
  <entityLocaleId>850FA56E100001590000004553EFC931</entityLocaleId>
</CuicValueList>
      <calculatedField>false</calculatedField>
      <exportHHMMSS>false</exportHHMMSS>
      <formula/>
      <format/>
      <footerStyle>NONE</footerStyle>
      <defaultCustomFormula/>
      <group1CustomFormula/>
      <group2CustomFormula/>
      <group3CustomFormula/>
      <customStringFormat/>
      <drilldowns id="23"/>
      <parent class="com.cisco.ccbu.cuic.objectmodel.reportdefinition.CuicReportDefinitionImpl_$$_javassist_59" reference="1"/>
    </CuicReportDefinitionField>
    <CuicReportDefinitionField id="24">
      <id>CF3B5A8D100001630000005253EFC931</id>
      <version>8</version>
      <clause>FirstStep</clause>
      <columnIndex>4</columnIndex>
      <dataType>DECIMAL</dataType>
      <name>FirstStep</name>
      <displayName>FirstStep</displayName>
      <description/>
      <filterField>false</filterField>
      <visible>true</visible>
      <availableInFilter>true</availableInFilter>
      <available>true</available>
      <valueListId>                                </valueListId>
      <calculatedField>false</calculatedField>
      <exportHHMMSS>false</exportHHMMSS>
      <formula/>
      <format/>
      <footerStyle>NONE</footerStyle>
      <defaultCustomFormula/>
      <group1CustomFormula/>
      <group2CustomFormula/>
      <group3CustomFormula/>
      <customStringFormat/>
      <drilldowns id="25"/>
      <parent class="com.cisco.ccbu.cuic.objectmodel.reportdefinition.CuicReportDefinitionImpl_$$_javassist_59" reference="1"/>
    </CuicReportDefinitionField>
  </fields>
  <topicFields id="26"/>
  <parameters id="27">
    <CuicReportDefinitionParameter id="28">
      <id>CF33E085100001630000003D53EFC931</id>
      <version>10</version>
      <index>0</index>
      <dataType>DECIMAL</dataType>
      <parent class="com.cisco.ccbu.cuic.objectmodel.reportdefinition.CuicReportDefinitionImpl_$$_javassist_59" reference="1"/>
      <name>@pqs</name>
      <CuicValueList id="1">
  <id>68EFB9651000012F38615EBB3F57E6DF</id>
  <version>10</version>
  
  <permission>GROUP_READ_EXEC_OTHER_READ_EXEC</permission>
  <partition>Default</partition>
  <valueListQuery>SELECT Precision_Queue.PrecisionQueueID AS ID, Precision_Queue.EnterpriseName AS VALUE &#13;
FROM Precision_Queue  (nolock) ORDER BY Precision_Queue.EnterpriseName ASC&#13;
</valueListQuery>
  <collectionQuery>SELECT DISTINCT Precision_Queue.PrecisionQueueID AS ID, Precision_Queue.EnterpriseName AS VALUE &#13;
FROM Precision_Queue  (nolock) ORDER BY&#13;
Precision_Queue.EnterpriseName ASC&#13;
</collectionQuery>
  <description>Description</description>
  <name>Precision Queues</name>
  <dataSourceId>CCCCCCCC00000000AAAAAAAA00000003</dataSourceId>
  <type>STOCK</type>
  
  
  <entityVersion>9.12</entityVersion>
  <entityLocaleId>850FA56E100001590000004553EFC931</entityLocaleId>
</CuicValueList>
      <required>true</required>
      <hardCodedValue/>
      <nullForBlank>false</nullForBlank>
      <delimiter>,</delimiter>
      <displayName>Precision Queues</displayName>
      <format/>
      <description/>
      <quoteValues>false</quoteValues>
      <valuePrefix/>
      <automatedParamName/>
    </CuicReportDefinitionParameter>
  </parameters>
  <removedFields class="linked-list" id="29"/>
  <removedParams class="linked-list" id="30"/>
  <removedTopics class="linked-list" id="31"/>
  <entityVersion>4.0</entityVersion>
  <author/>
</CuicReportDefinition>
  <cisco>false</cisco>
  <layout>0</layout>
  <bypass>false</bypass>
  <views id="3">
    <CuicGrid id="4">
      <id>CF347DE1100001630000004253EFC931</id>
      <version>15</version>
      <parentRpt class="CuicReport" reference="1"/>
      <name>PQ Membership</name>
      <description>PQ Membership</description>
      <enableUnauthenticatedAccess>true</enableUnauthenticatedAccess>
      <position>1</position>
      <fontSize>10</fontSize>
      <numberOfGrps>1</numberOfGrps>
      <pageSize>0</pageSize>
      <verticalAllign>0</verticalAllign>
      <grp1FieldId>CF347DE2100001630000004653EFC931</grp1FieldId>
      <grp2FieldId>1FD18F7673B94B7AA4AB71AF9B542079</grp2FieldId>
      <Grp1DateType>0</Grp1DateType>
      <Grp2DateType>0</Grp2DateType>
      <Grp3DateType>0</Grp3DateType>
      <grp1Sum>false</grp1Sum>
      <grp2Sum>false</grp2Sum>
      <grp3Sum>false</grp3Sum>
      <reportDefVersion>7</reportDefVersion>
      <gridFields id="17">
        <CuicGridField id="18">
          <id>CEC396EC7CB14C1E802D09038CFD2913</id>
          <version>7</version>
          <displayWidth>70</displayWidth>
          <parentGridview class="CuicGrid" reference="4"/>
          <repDefId>D21E2D85100001630000006053EFC931</repDefId>
          <visible>true</visible>
          <displayName>AgentStateCode</displayName>
          <fieldPosition>-1</fieldPosition>
          <thresholds id="21"/>
        </CuicGridField>
        <CuicGridField id="22">
          <id>C80F1B255E37414E8F000BE8AC773713</id>
          <version>7</version>
          <displayWidth>20</displayWidth>
          <parentGridview class="CuicGrid" reference="4"/>
          <repDefId>D21E2D85100001630000006453EFC931</repDefId>
          <visible>true</visible>
          <displayName>Reason</displayName>
          <fieldPosition>3</fieldPosition>
          <thresholds id="25"/>
        </CuicGridField>
        <CuicGridField id="26">
          <id>DD878300C4614D05AA4FC82CA5BE36EC</id>
          <version>7</version>
          <displayWidth>70</displayWidth>
          <parentGridview class="CuicGrid" reference="4"/>
          <repDefId>D21E2D85100001630000006253EFC931</repDefId>
          <visible>true</visible>
          <displayName>AgentSkillTargetID</displayName>
          <fieldPosition>-1</fieldPosition>
          <thresholds id="29"/>
        </CuicGridField>
        <CuicGridField class="CuicGridField" id="13">
        <id>1FD18F7673B94B7AA4AB71AF9B542079</id>
        <version>12</version>
        <displayWidth>70</displayWidth>
        <parentGridview class="CuicGrid" reference="4"/>
        <repDefId>CF3B5A8D100001630000005253EFC931</repDefId>
        <visible>true</visible>
        <displayName>FirstStep</displayName>
        <fieldPosition>-1</fieldPosition>
        <thresholds id="16"/>
      </CuicGridField>
        <CuicGridField id="30">
          <id>CF347DE1100001630000004553EFC931</id>
          <version>13</version>
          <displayWidth>50</displayWidth>
          <parentGridview class="CuicGrid" reference="4"/>
          <repDefId>CF2DD8F7100001630000003753EFC931</repDefId>
          <visible>true</visible>
          <displayName>Agent</displayName>
          <fieldPosition>1</fieldPosition>
          <thresholds id="33"/>
        </CuicGridField>
        <CuicGridField class="CuicGridField" id="5">
        <id>CF347DE2100001630000004653EFC931</id>
        <version>13</version>
        <displayWidth>70</displayWidth>
        <parentGridview class="CuicGrid" reference="4"/>
        <repDefId>CF2DD8F8100001630000003853EFC931</repDefId>
        <visible>true</visible>
        <displayName>Queue</displayName>
        <fieldPosition>0</fieldPosition>
        <thresholds id="12"/>
      </CuicGridField>
        <CuicGridField id="34">
          <id>479DE80F466F415CAB424105492D5C50</id>
          <version>7</version>
          <displayWidth>210</displayWidth>
          <parentGridview class="CuicGrid" reference="4"/>
          <repDefId>D21E2D85100001630000006153EFC931</repDefId>
          <visible>true</visible>
          <displayName>Step Rules</displayName>
          <fieldPosition>5</fieldPosition>
          <thresholds id="37"/>
        </CuicGridField>
        <CuicGridField id="38">
          <id>C6ED29E0BDC847D7BAC5516692322430</id>
          <version>7</version>
          <displayWidth>30</displayWidth>
          <parentGridview class="CuicGrid" reference="4"/>
          <repDefId>D21E2D85100001630000005F53EFC931</repDefId>
          <visible>true</visible>
          <displayName>Agents First Step</displayName>
          <fieldPosition>4</fieldPosition>
          <thresholds id="41"/>
        </CuicGridField>
        <CuicGridField id="42">
          <id>C0C7E0ABC1C346C79E3197931001D7B4</id>
          <version>7</version>
          <displayWidth>70</displayWidth>
          <parentGridview class="CuicGrid" reference="4"/>
          <repDefId>D21E2D85100001630000006353EFC931</repDefId>
          <visible>true</visible>
          <displayName>PrecisionQueueStepID</displayName>
          <fieldPosition>-1</fieldPosition>
          <thresholds id="45"/>
        </CuicGridField>
        <CuicGridField id="46">
          <id>CF347DE1100001630000004353EFC931</id>
          <version>13</version>
          <displayWidth>70</displayWidth>
          <parentGridview class="CuicGrid" reference="4"/>
          <repDefId>CF33E085100001630000003C53EFC931</repDefId>
          <visible>true</visible>
          <displayName>PrecisionQueueID</displayName>
          <fieldPosition>-1</fieldPosition>
          <thresholds id="49"/>
        </CuicGridField>
        <CuicGridField id="50">
          <id>FBF3A74C92C9467BA520A7D12E49AC9C</id>
          <version>7</version>
          <displayWidth>30</displayWidth>
          <parentGridview class="CuicGrid" reference="4"/>
          <repDefId>D21E2D85100001630000006553EFC931</repDefId>
          <visible>true</visible>
          <displayName>Agent State</displayName>
          <fieldPosition>2</fieldPosition>
          <thresholds id="53"/>
        </CuicGridField>
      </gridFields>
      <supHeaders id="54"/>
      <showSummaryOnly>false</showSummaryOnly>
    </CuicGrid>
  </views>
  <entityVersion>1.0</entityVersion>
</CuicReport>